RM01,RM02,RM03,RM04,RM05,RM06,RM07,RM08,RM09,RM10,RM11,RM12
2456,2459,2453,2464,2452,2459,2458,2465,2459,2453,2454,2458
2466,2462,2457,2464,2460,2460,2460,2456,2457,2454,2463,2453
2467,2463,2465,2461,2462,2463,2461,2466,2460,2461,2461,2468
2457,2456,2460,2459,2462,2457,2453,2463,2460,2463,2462,2459
2459,2460,2459,2464,2465,2462,2459,2459,2466,2454,2458,2456
2449,2461,2470,2460,2463,2457,2462,2457,2464,2462,2456,2461
2460,2459,2455,2463,2458,2462,2458,2465,2464,2464,2457,2455
2456,2460,2461,2455,2460,2463,2465,2458,2454,2459,2465,2460
2456,2457,2465,2459,2462,2460,2463,2466,2457,2459,2458,2459
2464,2455,2456,2463,2458,2448,2459,2464,2457,2460,2455,2455
